<?xml version="1.0" encoding="UTF-8"?>
<project-private xmlns="http://www.netbeans.org/ns/project-private/1">
    <editor-bookmarks xmlns="http://www.netbeans.org/ns/editor-bookmarks/2" lastBookmarkId="0"/>
    <open-files xmlns="http://www.netbeans.org/ns/projectui-open-files/2">
        <group>
            <file>file:/D:/Netbeans/Modul7/src/modul7/Modul7.java</file>
            <file>file:/D:/Netbeans/Modul7/src/modul7/Contoh1.java</file>
            <file>file:/D:/Netbeans/Modul7/src/DataMahasiswa/InputDataMahasiswa.java</file>
            <file>file:/D:/Netbeans/Modul7/src/DataMahasiswa/MahasiswaTableModel.java</file>
            <file>file:/D:/Netbeans/Modul7/src/modul7/Contoh3.java</file>
            <file>file:/D:/Netbeans/Modul7/src/modul7/Contoh2.java</file>
            <file>file:/D:/Netbeans/Modul7/src/DataMahasiswa/Mahasiswa.java</file>
        </group>
    </open-files>
</project-private>
